id;epreuve;heure_deb;heure_fin;datesurv
1;Plastic Consultant;2020-04-03T20:58:43;2020-04-03T21:47:26;2020-04-03
2;Quality Handcrafted;2020-04-04T16:57:58;2020-04-03T22:26:01;2020-04-04
3;synthesize;2020-04-03T22:14:09;2020-04-03T20:31:47;2020-04-03
4;Research;2020-04-04T06:47:37;2020-04-04T07:01:53;2020-04-04
5;Infrastructure;2020-04-04T06:37:46;2020-04-04T04:44:43;2020-04-04
6;capability;2020-04-04T13:21:50;2020-04-04T13:48:24;2020-04-04
7;Nuevo Sol;2020-04-04T13:20:35;2020-04-04T02:14:26;2020-04-04
8;Orchestrator supply-chains;2020-04-04T16:09:36;2020-04-04T02:11:11;2020-04-03
9;neural;2020-04-04T10:18:24;2020-04-04T19:00:05;2020-04-04
10;platforms Falkland Islands Pound Baby;2020-04-04T04:10:02;2020-04-04T07:04:19;2020-04-03
